Bangladesh;Aboni Knitwear ;169-171, Tatulzhora Hemayetpur;Savar;Dhaka Division
Bangladesh;Armana Fashions ;232-234, Tejgaon Industrial Area;Dhaka;Dhaka Division
Bangladesh;Bangladesh Spinners & Knitters;Plot 6-11, Sector 4/A;CEPZ;Chittagong Division
Bangladesh;Body Fashion;Naojur, Kodda, Joydebpur;Gazipur;Dhaka Division
Bangladesh;Concept Knitting ;Tilargati, Sataish Bazar, Tongi;Gazipur;Dhaka Division
Bangladesh;Creative Woolwear ;3/B Darus Salam Road;Mirpur;Dhaka Division
Bangladesh;Denimach ;Kewa Mouja, Ward No. 5, Gorgoria Masterbari, Sreep;Dhaka;Dhaka Division
Bangladesh;DNV Clothing;Plot No. 100/101, AEPZ, Adamjee Nagar, Siddhirgonj;Narayanganj;Dhaka Division
Bangladesh;Fashion Forum;367/1, Senpara Parbota;Mirpur;Dhaka Division
Bangladesh;Fresh Fashion Wear;638  Sharifpur, National University Gazipur Sadar;Gazipur;Dhaka Division
Bangladesh;Global Merchants ;Baimail, Konabari, Kashem Cotton Mills, Konabari, Joydevpur;Gazipur;Dhaka Division
Bangladesh;Haesong Korea;Han Complex (Ground Floor), Bara Rangamatia, Zirabo;Savar;Dhaka Division
Bangladesh;ICCL;Naojur, Kodda, Joydebpur;Gazipur;Dhaka Division
Bangladesh;Interlink Dresses;Shirin Chowdhury Complex, Vogra, Joydebpur ;Gazipur;Dhaka Division
Bangladesh;Jerkin Wear ;1670/2091, West Sholashar, Building No. 3;Aturardepu;Chittagong Division
Bangladesh;Mark ;B.K. Bari, Taltoli, Mirzapur Bazar, Gazipur Sadar;Gazipur;Dhaka Division
Bangladesh;Masco Industries;221-223, Khartail, Shataish Road, Tongi;Gazipur;Dhaka Division
Bangladesh;MM Knit Wear ;Ambagh Road, Konabari, Nilnagar;Gazipur;Dhaka Division
Bangladesh;NR Knit Composite;Enayetnagar, Volail, Fatullah;Narayanganj;Dhaka Division
Bangladesh;Padma Sweaters ;1/B Darus Salam Road, Section 1;Mirpur;Dhaka Division
Bangladesh;Pioneer Sweaters & Knitwears Unit-1;Enayetnagar, Fatullah;Narayanganj;Dhaka Division
Bangladesh;Sharoms Samsons Winter Wear ;Samsons Complex, 728-729, Sastapur, Fatullah;Narayanganj;Dhaka Division
Bangladesh;Shasha Garments;Hashem Plaza, 4th floor, Ganakbari;Savar;Dhaka Division
Bangladesh;Shore to Shore Textiles;Plot No. 4-233, Adamjee EPZ, Shiddirgonj;Narayanganj;Dhaka Division
Bangladesh;Space Sweater ;Parijat, Konabari;Gazipur;Dhaka Division
Bangladesh;The Delta Composite Knitting;Zarun (South) Kashimpur;Gazipur;Dhaka Division
Bangladesh;Tusuka Jeans Ltd;Konabari, Neelnagar;Gazipur;Dhaka Division
Bangladesh;Young 4 Ever;Plot No. B-89-90, Bscic I/A, Fatullah;Narayanganj;Dhaka Division
Bangladesh;Young International;Plot No. 32-36, Sector 5;CEPZ;Chittagong Division
China;AJ Shoes / KD Industry Co.;No. 21 Guangming Road,  Dongcheng District;Guangdong;Dongguan
China;An Mao Jewelry Factory;No. 162, Jing Fa Road;Zhejiang;Yiwu
China;Anhui Jinlu Garments Co. Ltd. ;No. 1 Qianyang Road, Qianshan Economic and Development Zone;Anhui;Anqing
China;Anqui Zongheng Textile and Garment Co. Ltd;Nanyuan Road, Anqiu;Shandong;Weifang
China;Ban Shi Knitting Factory;Banshi District, Changping;Guangdong;Dongguan
China;Bao Feng Knitting;Pingdong Industrial Zone, Sanxiang;Guangdong;Zhongshan
China;Beijing Fan Mei Garments;No. 29, Shuntong Road, Shunyi District;Beijing;BeijingChina;Beijing Litaijiahua Knitting Co. Ltd;East Qiji Tongzhou District;Beijing;Beijing
China;Beijing Run Da Knitting Co. Ltd;No 212 Qiuzhuang Yujiawu Huizu Town, Tongzhou District ;Beijing;Beijing
China;Bowing Knitting Factory Co. Ltd.;Longyan District, Humen Town;Guangdong;Dongguan
China;Champion Plan Intl - Gan Tu Fashion;No. 11 Xikeng Yi Cun Industrial Area, Henggang Town, Longgang District;Guangdong;Shenzhen
China;Changle Hualing Co. Ltd.;Wenzhou Industrial Park, Baocheng Street, Changle County;Shandong;Weifang
China;Changshu Hongli;Meidiyang Road, Zhaoshi Town;Jiangsu;Changshu
China;Changzhou Rongyuan Garment Co. Ltd;No. 47 North Qingyang Road;Jiangsu;Changzhou
China;Cheuk Lun Metal Manufactory Co. Ltd;5 Yizho Road, The Third Industrial Zone, Kenzi County, Pingshan New District ;Guangdong;Shenzen
China;Dalian Gangdu Knitting Co. Ltd.;Longtou Village, Longtou Town, Lvshunkou District;Liaoning;Dalian
China;Dandiya Jewelry Co. Ltd.;No. 3—6, 41Building XiZhan YiQu;Zhejiang;Yiwu
China;Danyang Huamao Gmt. Co.;No. 30 East Yongsheng Road, Douzhuang, Danyang;Jiangsu;Zhenjiang
China;Deqing Xingdong Leather Factory Co. Ltd.;No. 23 Chengdong Road, Xinshi Town;Zhejiang;Deqing
China;Deqing Xinhui Fashion Co.;5-6F, 07 Building  1018 Qingfang Road;Zhejiang;Huzhou
China;Dezhou Zhenbo Garment Factory Co. Ltd. ;San Ba Dong Road, Development Zone;Shandong;Dezhou
China;Dongguan Wangming Textile Co. Ltd;No. 2 Industrial District, Shigu Village, Tangxia Town;Guangdong;Dongguan
China;Dongguan ZhengYong Leather Acc.;2nd Wusha Liwu Industrial Zone, Changan;Guangdong;Dongguan
China;East Factory;No.29 Industrial Avenue, Industrial Area, Xinfeng County;Jiangxi ;Ganzhou
China;Ehe Garment Factory;Chengnan Industrial Area, Tuanfeng;Hubei;Huanggang
China;Everwell Garment;No. 6 North Street, Qiaochang Road, Dazhou Village, Qiaoutou Town;Guangdong;Dongguan
China;Favorest Fashion (Kais Handbag);No.18 Jinshi Road, Shiling Town, Huadu District;Guangdong;Guangzhou
China;FengHua HuiDa Garments Factory ;No.98 West Zong Xing Road, Xi Kou, FengHua;Zhejiang;Ningbo
China;Fenghua Huihlong Clothing Factory Co. Ltd. ;Jiangxiapu Town, Fenghua;Zhejiang;Ningbo
China;Foshan Guangda Garment Ltd. ;25 North Cunyuan Road, Chancheng District;Guangdong;Foshan
China;Foyal (Taishan) Garment Co. Ltd.;No. 1, Foreign Trade Development Zone, Bangang ;Guangdong;Taishan
China;Fujian Great Fashion Industry Co. Ltd.;No. 77 Taikang Road, Xiantang Community, Changtai Street, Licheng District;Fujian;Quanzhou
China;Fujian Quanzhou Jintaili Garment;Taiwanese Investment Zone;Fujian;Quanzhou
China;GoWell Garment Limited;Huancheng Road, Tangjiao District,  Changping Town;Dongguan;Guangdong
China;Guangzhou Natucci Belt Factory;502 Building A, Heming Industrial Zone, No. 20 Hetai Road, Hebian Village, Baiyun District;Guangzhou;Guangdong
China;Haining Bierte Knitting;No.3 Building of Shuanglian Road, Economic Development Zone;Zhejiang;Haining
China;Haining Had Socks Ltd.;Boruqiao Development Zone, Zhouwangmiao Town;Zhejiang;Haining
China;Haining Randy Socks Co. LTD;No 217 Xiachuan Road, Economic Development District;Zhejiang;Haining
China;Haiyang Meiyu Sewing;No 4 Haixia Road;Shandong;Haiyang
China;Hangzhou (Tonglu) Yutu Knitting Co.;Industrial Park Hengcun Village Tonglu Town;Zhejiang;Hangzhou
China;Hangzhou Dunhuang Leather Co. Ltd.;No. 79 Qinshan Road, Textile Industrial Park;Zhejiang;Tonglu
China;Hangzhou Haide Garment;Xiao Shan Econmic & Technology Development Zone;Zhejiang;Hangzhou
China;Hangzhou Huasheng Scarves Co. Ltd;No.279 Yangtang Road, Tonglu Town;Zhejiang;HangzhouChina;Hangzhou Tonglu Xinyi Knitting;Fangbu Industrial Park, Hengcun Town, Tonglu;Zhejiang;Hangzhou
China;Hangzhou Yuyang Knitting Co. Ltd.;Fangbu Industrial Park, Hengcun Town;Zhejiang;Tonglu
China;HengRong Shoes Factory;No. 16 Guangming Road, Dongcheng District;Guangdong;Dongguan
China;High Link Garment Factory;No 43 Jin Fu Road, XiaoJinKou;Guangdong;Huizhou
China;Hubei YuHe Garments Co. Ltd. ;No.299 People Road, Economic Develop Zone;Hubei;Hanchuan
China;Hubei Yuyuan Garment Co.;No. 25 Hanqiao Road, Hanqiao, Daye;Hubei;Daye
China;Huiyang Haopeng Knitting Factory;Chang Long Gang Industrial Zone, Shatian Town, Huiyang District;Guangdong;Huizhou
China;Huizhou City Elite Garments;Factory Building.16 Da Tian Lao Industrial Area, Sanxin, Jiangbei;Guangdong;Huizhou
China;Huizhou Shen Fung Knitters;Industrial Zone 3, Shi Gang Xia, Xinxu, Huiyang;Guangdong;Huizhou
China;Huizhou Yangfang Garment Co. Ltd.;Guangreng Road 54, Xiaojinkou Town;Guangdong;Huizhou
China;HuZhou Goldsire Industrial Co.;No. 1018 Chuangye Avenue;Zhejiang;Huzhou
China;Huzhou Hebe Apparel. Co Ltd;No. 69, Hengda Road, Qianyuan Town, Deqing County;Zhejiang;Huzhou
China;Huzhou Sino-Source Fashion;Chengxi Development Zone, Sian Town, Changxing;Zhejiang;Huzhou
China;Huzhou Wanshisheng Dress;NO.495 Quyuan North Road,Wukang Town,Deqing County;Zhejiang;Deqing
China;Jian Sang Garment Co. Ltd.;Ren Yi Road,  Ren He Industrial Area, Bei Ce, Humen Town;Guangdong;Dongguan
China;Jian Shan Wan Qi Garments Co. Ltd.;Economic Industrial Zone of Daxitan, Jiangshan;Zhejiang;Hangzhou
China;Jiangmen City Chau Garment;Xiyuan Industrial District, Snacha Road, Tangxia Town, Pengjiang;Guangdong;Jiangmen
China;Jiangsu Asian Sourcing Headwear MFG Co.;No.2 South Guangzhou Road;Jiangsu;Huai'an
China;Jiangsu Huayi Garment Co. Ltd;No.88-1, Changjiang Road West;Jiangsu;Nantong
China;Jiangsu LongLiQi Bio-Technology;Long Li Qi Biological Industrial Park;Jiangsu;Changshu
China;Jiangxi Total Industry Co. Ltd.;"No. 858, Total Industrial Park, Jinsha 3 Road, Xiaolan, Economic. ;Jiangxi;Nanchang
Development Zone Nanchang”
China;Jiangxi Yongfeng Perfect Eagle Knitters Ltd.;No. 5 New Area, Qiao Nan Industrial District, Yong Feng;Jiangxi;Ji'an
China;Jiangyin Gaoli Garment Making Co. Ltd;No.5 Wanfu Road, Zhuhuang Industry Zone, Zhutang Town;Jiangsu;Jiangyin
China;Jiangyin Junfeng Knitting Factory;Xinxu Road No. 5, Zhutang Town;Jiangsu;Zhutang
China;Jiangyin ShenYuan Knit Garment Factory;No. 3 Huanxi Industry B Area Road, Zhutang Town;Jiangsu;Jiangyin
China;Jiangyin Xiehe Knitwear Co. Ltd.;B Area, Industrial Park, Zhutang Town;Jiangsu;Jiangyin
China;Jiaxing Yinlong Garment Co. Ltd. ;No. 237, Fujianxincun, Zhapu;Zhejiang;Jiaxing
China;Jinhua A&C Clothing Co Ltd;No.1266 Qiubin, Bada Road;Zhejiang;Jinhua
China;Jining Aisi Garment factory Col. Ltd.;Middle of Shiji Road, Economic Development Zone, Wenshang;Shandong;Jining
China;Jining Dacheng Garment Factory Co. Ltd.;No.1 Xinghua Road;Shandong;Jining
China;Jining Jincheng Garment Ltd;Ciqui County, Fenshang Prefecture;Shandong;Jining
China;Jining Luning Down-Products Factory Co. Ltd.;Che Zhen Xi Road;Shandong;Jining
China;Jinjiang Libixing Garments & Weaving ;66 Gaoxing Road, Gaohu Industrial Zone, Yinglin Town;Fujian;Jinjiang
China;Jinyuan Apparel Co.;Jin Cheng Industrial Area, Jintan City;Jiangsu;Changzhou
China;Junepink Underwear Industrial Shantou;Beihuan Avenue, Yiying Industrial Zone, Xiashan, Chaonan District;Guangdong;ShantouChina;Kam Tai Fung;Xinghua Road, Longhua Town,  Boluo County;Guangdong;Huizhou
China;Kenson Textiles;A3 Building 10th Industry, Liangshan Road, ZhunCun, Tianhe District;Guangdong;Guangzhou
China;Kenteen Garment Factory;No 4 Building, No 15 Groupd Industrial Area, Che Pi Village, Dong Pu Town, Tianhe District;Guangdong;Guangzhou
China;Koko Garment Factory of Huizhou;Hui South 33,  He Nan'an;Guangdong;Huizhou
China;Lanxi Caiyuan Cosmetic Co. Ltd.;Dongzhai Village, Xiangxi Town;Zhejiang;Lanxi
China;Li Fu Enterprises;Huang Zhu Yuan Ind. District. Mai Yuan Managing Zone, Chang Ping Town;Guangdong;Dongguan
China;Li Yang Garment Factory;Cha Nan Road, Cha Shan Town;Guangdong;Dongguan
China;Lianshui Huyuan Co.Ltd;Wugang Industrial Area,Lianshui County;Jiangsu;Huaian
China;Lianyungang Shengxin Garments Factory;No. 1 Jinqui Road Development Zones, Lianyun District;Jiangsu;Lianyungang
China;Liaoning Yongxing Knitting Co.;No. 40, Hunhe Nan Road, Xinfu District;Liaoning;Fushun
China;Linhai Dincheng Optical;Duqian Village,Duqiao Town;Zhejiang;Linhai
China;Long Fung Garment Factory;Sun Wu Industrial Zone, Chashan Town;Guangdong;Dongguan
China;Longnan Garment;No.1 West Road,Jin Tang Economic Technical Area,Long Nan County;Jiangxi;Gangzhou
China;Mao Ming Fu Gao Clothing Products Co. Ltd;No. 1 Xiangmao Road, Xingshan, Shigu Town;Guangdong;Gaozhou
China;Nanjing Phaerie Clothing Factory;No.15, Longjing Road, Gaochun County;Jiangsu;Nanjing
China;Nantong Mengtian Costume Co. Ltd;No. 28 Jianghai Road, Xiahehe;Jiangsu;Qidong
China;Nantong Sunny Hats & Cap Co;No.88 Buzhong Road, Caobu Town;Jiangsu;Rudong
China;Nantong Zhenzhi Fushi Co. Ltd.;Changsha Town, Rudong City;Jiangsu;Nantong
China;New Chengshin Clothing;No. 28 Nanpaifang Street, Beishan;Guangdong;Zhuhai
China;Ningbo Asian Garments Ltd.;No. 655-77, Qiming Road, Yinzhou District;Zhejiang;Ningbo
China;Ningbo Hailu Garment Co.;Qianfeng Village, Tanxi Town, Yinzhou District;Zhejiang;Ningbo
China;Ningbo Jinduo Garment Co.;Chenhenglou Village, Gulin Town, Yinzhou;Zhejiang;Ningbo
China;Ningbo Luoqi Knitting Factory Co. Ltd.;No. 257 Hexiao East Road, Dongqiao, Yinzhou;Zhejiang;Ningbo
China;Ningbo Ningfeng Image Knitting Co. Ltd.;Zhangjiadian, Dongqiao Town;Zhejiang;Ningbo
China;Ningbo Rouse Garment Processing Industrial Co. ;Rouse Industrial Park, Shiqi Street, Yinzhou District;Zhejiang;Ningbo
Ltd.
China;Ningbo Sky-South Garment Co. Ltd.;Beidu, Shiqi;Zhejiang;Ningbo
China;Ningbo Times Garments Co. Ltd.;Xiangshangang East Road, Juexi Street, Xingshan County;Zhejiang;Ningbo
China;Ningbo Yinzhou Daocheng Garment Co. Ltd.;Gulin Town, No 29 Wen Wei Lu;Zhejiang;Ningbo
China;Ningbo Yongmei Sweater Company;No. 308 Chengnan E Road, Cicheng;Zhejiang;Ningbo
China;Ningjin Lishi Garment Factory Co. Ltd.;No. 40 Ningxin Road, Ningjin County;Hebei;Xingtai
China;Nomansa Textile Screen & Technology Co.Ltd;No. 267 Xianhu Road, Shengzhou Economy Development ;Zhejiang;Shaoxing
China;Oriental Pacific;Golden Dragon Industrial, Zilongkwan, Liaobu;Hong Kong;Dongguan
China;Oya Home Mft. Ltd.;Right Side No.2, North 3rd Road, ChiKan Village, Shi Pai Town;Guangdong;Dongguan
China;Pansy Garment Co. Ltd.;Xing Ye Road,Shiwan Town,Boluo County;Guangdong;Huizhou
China;Pinghu Lianda Garment;Tingjian Road, Zhapu Town;Zhejiang;PinghuChina;PingHu Yaxin Garments Factory;No.75 Yaxin Street, XinMiao Town;Zhejiang;Pinghu
China;Pingli Tongxin Garment Factory Co. Ltd. ;Xiao Nan Quan Community, Pingyi;Shandong;Linyi
China;Proficient Garment International;2nd Floor, Lu Wu Industrial Zone,Cha San Town;Guangdong;Dongguan
China;Prudent Garments (Wujiang) Co. Ltd.;359 Orient Road, Tao Yuan Town, Wujiang;Jiangsu;Suzhou
China;Pujiang Feida Knitting Factory Co. Ltd.;Dongzong Jiu Road, Pujiang Economy Development Zone;Zhejiang;Jinhua
China;QianShan JinLu Garment Factory ;No. 1 Qianyang Road, Qianshan Economic and Development Zone, Anqing City, Anhui;Anhui;Anqing
China;Qidong Xinlilai Make Clothing Co.;Qintangang Town;Jiangsu;Qidong
China;Qingdao Fit Garment Co. Ltd.;Hongbu Village, Liuting Street, Chengyang District;Shandong;Qingdao
China;Qingdao Gabi Fashion Jewelry ;Dong Li u Ting Industrial, Li Jiao Qiao Bei, Dong Liu Ting Village, Liu Ting Town, Cheng ;Shandong;Qingdao
Yang District
China;Qingdao Golden Jewelry Co. Ltd.(MQ);No.158 Qiyang Road,Gumiao Industrial Zone,Chengyang District;Shandong;Qingdao
China;Qingdao Grace Accessory Co Ltd;Yunhai Road, Qiujiagoucha Village, Tongji Office, Jimo;Shandong;Qingdao
China;Qingdao Huaxu Jewelries Co.Ltd;The Industrial Park of the electronic, Huaxian Road, Chengyan District;Shandong;Qingdao
China;Qingdao Keumlim Jewelry;Hualing Road, Xiazhuang St.Chengyang District;Shandong;Qingdao
China;Qingdao Newday Footwear;Jianshe Road, Nancun Town, Pingdu;Shandong;Qingdao
China;Qingdao Sunmeo Textiles Co. Ltd.;No. 699 Langgangshan Road, Economic and Technology Zone, Huangdao District;Shandong;Qingdao
China;Qingdao XinShunJin Crafts;Fuxing Road,Wali Idustrial Zone,Liuting Street,Chengyang District;Shandong;Qingdao
China;Qingdao Xuchang Garment Ltd.;No. 193 Shuangyuan Road, Chengyang District;Shandong;Qingdao
China;Quanzhou Jinke Garments Co. Ltd.;Jinke Building, Xianjing Industrial Zone, Fuqiao, Licheng District;Fujian;Quanzhou
China;Quanzhou Silang Garments Co.;Building No. 2, No. 26 Zishan Road, Jiangnan High-Tech Park, Licheng District;Fujian;Quanzhou
China;Quanzhou Suntex Garments Co. Ltd.;No. 32 Maitai Road, Qingmeng Economy and Technology Developing Zone ;Fujian;Quanzhou
China;Quanzhou Yusheng Garments Co. Ltd;No 120 Fanrong Road, Fuqiao, Licheng ;Fujian;Quanzhou
China;Rudong Knitting Fashion Accessories Co. Ltd;No.18 Huanghe Road, Economy Development Area;Jiangsu;Rudong
China;Rui Feng;Silingdi, Xinwu Village, Xiaojinkou County, Pagang District;Guangdong;Huizhou
China;Shandong Tianyuan Garment Co. Ltd;Huancheng Garden, Ninyang;Shandong;Taian
China;Shanghai Conch Apparel Co.;2085 Liuxiang Road, Jiading District, Shanghai;Shanghai;Shanghai
China;Shanghai Jian Hao Fashion Accessories;No.108 Jiagao Road, Lane 828, Minhang District;Jiangsu;Shanghai
China;Shanghai Jingli Garment Making Co.;No.1006 Xinjianfeng, Langxia Town, Jinshan District;Shanghai;Shanghai
China;ShangHai Leather Glove Co. Ltd.;No.168 Zhoujiabang Village, Xiao Kunshan Town, Songjiang District ;Shanghai;Shanghai
China;Shanghai Qinfa Fashion Co.;No.102-2 Jinju Road,. Songjiang District;Shanghai;Shanghai
China;Shanghai Tianhong Knitting Hat ;286 Tianjiu Road,Sheshan Town,Songjiang;Jiangsu;Shanghai
China;Shanwei Xing Lian Knitting Fashion Dress Co.Ltd;Shun Luen Building,East Inner Village,Tung Chung Town;Guangdong;Shanwei
China;Shaoxing Jinxiang Garments Co. Ltd.;Phoenix Road Chengnan Jiuli Industrial Area;Zhejiang;Shaoxing
China;Shaoxing Maidilang Tie & Accessory Co. Ltd.;No. 267 Xianhu Road, Shengzhou Economy Development ;Zhejiang;Shaoxing
China;Shengzhou Shuangli Necktie & Weaving;No.98, Jing Er Road, City East Economic Development Zone;Zhejiang;Shengzhou
China;Shengzhou Xingbaili Necktie & Garment;East Area of Shengzhou Economy Development Zone;Zhejiang;ShaoxingChina;Shenzen Tian Bangda Fashion Ltd.;6/F No.17 Bld, 1 Xian Li, Uxian 2Rd, Baoan 71 District;Guangdong;Shenzhen
China;Shenzhen Lin Shi Hengli Shoes;Lialong Industrial Park, Pingxi, Pingdi Town, Longgang District;Guangdong;Shenzhen
China;Shing Fat Underwear;Industry Road, JiuZhouJi, Xiao Lan Tower;Guangdong;Zhongshan
China;Shing On (Fujian Shoes);1st Industrial Zone, Chendai;Fujian;Jinjiang
China;Shun Na Garments Co. Ltd.;Ningzhou Shi Qi Jian Dao;Zhejiang;Ningbo
China;Shun Tai Plastic & Metal Factory;Dulong Administration Area,Huang Jiang Town;Guangdong;Dongguan
China;Sikeer Ornaments Factory;No.32, Baihu Ind. Zone, Huangzhai Pujiang Factory;Zhejiang;Yiwu
China;Simbo Accessory Factory;Building 16-1, Chengdian New Village;Zhejiang;Yiwu
China;Sinoer Menswear Co. Ltd.;Donghuan Road,Zucheng;Shandong;Jining
China;Sinosky Apparel Co.Ltd;No.28 Qihui Road, Agriculture Development Zone;Zhejiang;Haining
China;Skyprinting;Huatai Industrial Park, Dalong Village, Xiegang Town;Guangdong;Dongguan
China;Springfield;No. 3 Hanji Avenue, Shiji, Panyu;Guangdong;Guangzhou
China;St. Delan;No.1366, Niansanli Datong Road;Zhejiang;Yiwu
China;Style Art&Craft;Youhe 2 Lu. 12Hao, Qiujiagoucha Gongyeyuan, Tongjijiedao, Jimo;Shandong;Qingdao
China;Sunkyung Jewelry Co.;Liuting Street, East Liuting Industry Park,Chengyang;Shandong;Qingdao
China;Sunrise Textile;Xiansha Village, Gaobu Town;Guangdong;Dongguan
China;Suntex Garment Huizhou Co. Ltd.;No. 2 Meihu Road, Dazhongtang Xiajiao;Guangdong;Huizhou
China;Suzhou Senhe Apparel & Accessories Co. Ltd;No.6 Xuxiang Road, Vacation Zone;Jiangsu;Xuzhou
China;Taikesi Garment Co. Ltd.;No. 776 Zhengshang Road, Zhongyuan District;Henan;Zhengzhou
China;Tian Lu (Tianheng);No.15 Beiyuan Road, Danyang Economic and Technical Zone;Jiangsu;Zhenjiang
China;Tianjin Kaijia Co.;West Side Big Bridge South Koudong Burg, Baodi District;Tianjin;Tianjin
China;Tianjin Kaixing;Industrial Area, Koudong Village, Baodi County;Tianjin;Baodi 
China;Tonglu Deyi;No 136 West YangTang Road, Old Street;Zhejiang;Tonglu
China;Tonglu Huayi Knitting Co.;Fangbu Industrial Zone, Hengcun Town, Tonglu County,Hangzhou City;Zhejiang;Hangzhou
China;Tonglu Sailin Tops / Hats Knitting Co.;No.7 Liangyuan Road, Jiangnan Economic District, Tonglu;Zhejiang;Tonglu
China;Tonglu Xihongshi Garment Co. Ltd.;Binjang Economic Development Area, Jiuxian Street, Tonglu County;Zhejiang;Tonglu
China;Tongxiang Hengsheng Shoes Co.;No. 66 Xingyuan Road, Xinxingji Town, Wuzhen;Zhejiang;Jiaxing
China;Tongxiang Town Story Scarf and App.;No. 320 National Road, East Side, Hongqi Village, Fengming Street, Tongxiang City;Zhejiang;Jiaxing
China;Wai Lee Manufactory;Xian Cun, Xin Tong, Zengcheng;Guangdong;Guangzhou
China;Wai-Lon Garment Factory;96 Fukdong Road, Futian Town;Guangdong;Huizhou
China;Weihai Dishang Huajin Garments Co.Ltd;No 220 Huoju Road, High Tech Development Zone ;Shandong;Weihai
China;Wen You Ren Bag Industry ;Block C1 Bao Long Industrial Estate, 435  Da Lang Road South;Guangdong;Shenzhen
China;Wenji Cosmetics Co. Ltd.;No. 121 Changfu Road, Suxi Town;Zhejiang;Yiwu
China;Wenzhou Ouhai Longfeng Glasses;2 Wenzhou Avenue ;Zhejiang;Wenzhou
China;Wenzhou Tebang Leather Co.;No 2 Shenzen Road, Xianyan Industrial Zone;Zhejiang;Wenzhou
China;Wenzhou Tianchang Glasses;No.119,Yandang East Road,Longwan Economical & Technological Development Zone;Zhejiang;WenzhouChina;Wenzhou Tongyishouge Trading Co. Ltd.;Wenzhou Bridge Industrial District, Yueqing;Zhejiang;Wenzhou
China;Wenzhou Union Fashion Industry Co.;Ouhai Louqiao Industrial Zone;Zhejiang;Wenzhou
China;Wenzhou Xinyu (Romantic Girl) Shoes Co.;No.17 Fuquan Road Sanxi Industrial Area (Qu Xi) Ouhai Economic Development Zone ;Zhejiang;Wenzhou
China;Wenzhou Yangcheng Leather & Clothes;Qing’ao Industry Zone, Shuitou Town, Pingyang;Zhejiang;Wenzhou
China;Winsun (Haininghi Hongye Zhenzhi);No. 16 Bihai Road, Xiashi Town;Zhejiang;Haining
China;Wu Xi Yin Ye Zhen Zhi You Xian Gong Si;District B, Machinery & Industrial Zone, Yangjian Town;Jiangsu;Wuxi
China;Wuxi Everbright Fashion Co.;No. 568-8 Chunhui Road, Huishan Economic Development Zone;Jiangsu;Wuxi
China;Wuxi Feiyang Fashion Textile Co. Ltd. ;Zone A, Yangjian Industrial Zone;Jiangsu;Wuxi
China;Wuxi Meiyjia Craft Dress Factory;Ganyu Road, Ehu Town;Jiangsu;Wuxi
China;Wuxi Minerva Knitted Fashion Co.;No. 709 Jincheng Road;Jiangsu;Wuxi
China;Wuxi Qi Sheng Knitted Gloves Factory;Xihu Road North, Lian Village, Yangjian Town;Jiangsu;Nanjing
China;Wuxi Yongyi Industrial Products Co;1 Chunhui Road, Xishan Economic Development Zone;Jiangsu;Wuxi 
China;Xiamen Fuming Optical Ind. Co. Ltd.;375-379 Dutain Road, Jimei Northern Industry Park;Fujian;Xiamen
China;Xiamen Hondar Umbrella Industrial;368, Tongji North Road;Fujian;Xiamen
China;Xin Fai Ta Clothing ;Gurao Industrial Zone,Gurao Chaoyang;Guangdong;Shantou
China;Xize Fashion Accessories Co.;No. 76 Suxin Road, Suxi Town;Zhejiang;Yiwu
China;Yangzhou Baifa Caps Co. Ltd.;No.20 Zhengyanggang Road, Lidian Town, Guanglin District;Jiangsu;Yangzhou
China;Yangzhou Hengtong Caps & Gloves;No.18 Jinshan Road,Bali Town,Economic and Developing Area;Jiangsu;Yangzhou
China;Yangzhou Huayuan Clothing Co. Ltd;No 15 Shawan South Road, Guangling Industries;Jiangsu;Yangzhou
China;Yangzhou Linghang Textile Co. Ltd;Pu Tou Town, Jiangdu City;Jiangsu;Yangzhou
China;Yantai Shichao Garment Co.,Ltd. ;Zhifang Village, Fengcheng Town, Haiyang City;Shandong;Yantai
China;Yi Yu Fat Knit Underwear Factory;Shin Po Estate, Mei Huan Road Chaoyang;Guangdong;Shantou
China;Yiheng Jewelry;16 Dancheng Road, Beyuan Industrial Park;Zhejiang;Yiwu
China;Yiwu HuiXiang Leather Co. Ltd.;No.12 Wuhua Road, Heyetang District;Zhejiang;Yiwu
China;Yiwu JiaYia Accessories Co. Ltd.;No. 103, QiushiRoad,Beiyuan Industrial Part;Zhejiang;Yiwu
China;Yiwu Nujie Co.;No. 199 Sufu Road;Zhejiang;Yiwu
China;Yixing Yidie Knitting Co.;No. 1 Yidie Road, Industrial Zone, Xinjian Town;Zhejiang;Yixing
China;Z.B. Accessory Knit;Hengcun Town;Zhejiang;Hangzhou
China;Zhangjiagang Ruida Garment;No.89 Daxin Old Street Daxin Town, Zhangjiagang;Jiangsu;Suzhou 
China;Zhangjiagang Sianso;Xixin Industry Zone, Sigang Town;Jiangsu;Zhangjiagang
China;Zhangjiang Jiamei Knitting Clothing Co. Ltd;North Street, Miaoqiao Town;Jiangsu;Suzhou 
China;Zhejiang Chao Lei Leather Co. Ltd ;Dongou Industrial District, Oubei Town, Yongjia County;Zhejiang;Wenzhou
China;Zhejiang Fengguang Textile Co. Ltd.;No.12 Likai Road;Zhejiang;Shaoxing
China;Zhejiang Glory Garments;No 18 Fengbei Road Fengqiao Town;Zhejiang;Zhuji
China;Zhejiang Goldtop Hat & Fashion;No.5, 2nd Danchen Road, Beiyuan Industrial Zone, Yiwu City, Zhejiang;Zhejiang;Yiwu
China;Zhejiang Huabang Garment Co. Ltd.;No.1 Zhengjiadou, Xingfuqiao;Zhejiang;HangzhouChina;Zhejiang Jiarong Socks;No.99 West Wangyuan Road Taozhu Street;Zhejiang;Zhuji
China;Zhejiang Jinshi Leather Craft Co.;No. 20, Yandang West Road, Longwan Development Zone;Zhejiang;Wenzhou
China;Zhejiang Mingfuer Dress Co. Ltd.;No. 17 Chuangye Road, Chengxi;Zhejiang;Hangzhou
China;Zhejiang Reeddy Raiment. Co.Ltd;No 50 Suhua Street, Yiwu Industrial Park, Suxi Town;Zhejiang;Yiwu
China;Zhejiang Shenli Textile Goods Co. Ltd. ;No. 100 Tashan Road, Yinan Industry Zone;Zhejiang;Yiwu
China;Zhejiang Sunrising Trading and Development ;Healthy Industrial Park, Anji Economic Development Zone, Anji County;Zhejiang;Huzhou
Co. Ltd.
China;Zhejiang Tongxiang Xinqianxi Fashion Co. Ltd.;Chunlei Bridge, Chongfu Town, Tongxiang;Zhejiang;Jiaxing
China;Zhejiang Trimax International Group;No 900 Huzhi Road, Huanzhu Industrial Garden;Zhejiang;Huzhou
China;Zhejiang Yingqier Knitting Co. Ltd;Caota Industry Zone;Zhejiang;Zhuji
China;Zhejiang Yongan Garment Co. Ltd ;Fourth Floor, Building 2, No 8 Wanjia Road, Qiaosi Street, Yuhang District;Zhejiang;Hangzhou
China;Zhejiang Zhongyimei Industry Co. Ltd.;No.12 North Road, Xinguang Qingkou;Zhejiang;Yiwu
China;Zhenjiang New Sansen (Xinsanseng) Garment ;Xi Lu Town, Dan Tu New District;Jiangsu;Zhenjiang
Co-Ltd
China;Zhongshan Fulin Cosmetics Co. Ltd.;Dong-Rui Industrial Park, Dong-Cheng Rd., Dong-Sheng Village;Guangdong;Zhongshan
China;Zhuji Dafengche Children Socks Co. Ltd.;NO. 189 Road Wangyun West Road;Zhejiang;Zhuji
China;Zhuji Dahe Garment;No.18, Rongma Road, Zhuji Economic Development Zone;Zhejiang;Zhuji
China;Zhuji Jaiyao Socks Co.Ltd;No. 28 West Wangyun Road;Zhejiang;Zhuji
China;Zhuji Meng Li Te Knitting Products;ShangZhang Village, Grass Tower Town;Zhejiang;Zhuji
China;Zhuji Shuma;Jinjia, Zhuji, Zhejiang 3111800;Zhejiang;Zhuji
China;Zhuji Three Star Socks Industry Co.;No. 101 Shangjian Road, Datang Town;Zhejiang;Zhuji
China;Zongshan Da Chong LiFu;Nanwen No.2 Industrial Area, Dachong Town;Guangdong;Zhongshan
China;Zuhai Kslong;"No.2372 Technology Industrial Cell, Meihua West Road,;Xiangzhou”;Zhuhai Guangdong
China;Zuhai Win Fung Knitting;Qilong Hill, Namen Village, Doumen;Guangdong;Zhuhai
Egypt;Eurotex Garments;Port Said Public Free Zone;Port Said;Port Said
Egypt;Wagdy Moamen & Parteners for Textile Industry;"3 Eskan El Shabab Street, Industrial Zone B & G, Block 22009, No.3;Cairo;Obour City
Greece;Smile Cosmetic Vosmandros Dim. Ltd;6 Th Klm Thessaloniki-Oreokastro 54008 Thessaloniki;Thessaloniki;Thessaloniki
India;3A Clothing Subsidiary Nenu Hold.;Plot No. 107, Phase 6, Sector 37, Udyog Vihar;Gurgaon;Haryana
India;Akriti Apparels ;Plot No. 9, Sector 27A, Mathura Road;Faridabad;Haryana
India;Akriti Apparels ;Unit 3 - Sikri Ballabgarh 42nd Milestone Mathura Road village Sikri Ballabhgarh;Faridabad;Haryana
India;Aquarelle Factory 1;1/1&51/1 Kallabula Village, Jigani Hobli, Anekal Taluk;Bangalore;Karnataka 
India;Aquarelle Factory 2;25/1 Kempanayakanahalli, Jigani Hobli, Anekal Taluk;Bangalore;Karnataka 
India;CBC Fashions Unit II ;480/1B, Ayyampalayam Road, Chettipalayam, Dharapuram Road;Tirupur;Tamil Nadu
India;Connection Exports;B-47, Sector 88;Noida;Uttar Pradesh
India;Couple International;B-41, Sector 8;Noida;Uttar Pradesh
India;CTA Apparels ;C-32, Sector 58, Phase III;Noida;Uttar PradeshIndia;CTA Apparels ;D-235, Sector 63, Phase III;Noida;Uttar Pradesh
India;Eastman;D-78, Panickampalayam ;Perundurai;Tamil Nadu
India;Ess & Bee International;Plot No. 669-670, Udyog Kendra;Gurgaon;Haryana
India;Expoknits International;SF. No. 42-43, Door No. 8/95-F, Mahavishnu Nagar, Angeripalayam;Tirupur;Tamil Nadu
India;Global Mode and Accessories ;B-2, Sector 65;Noida;Uttar Pradesh
India;Global Mode and Accessories ;C -54, Sector 58;Noida;Uttar Pradesh
India;Greenway Clothing;27/1, N.V.B.Lay-Out, Andipalayam ;Tirupur;Tamil Nadu
India;KM Knitwear Unit-1;14 E,F Lakshmi Nagar, 1st Street,City Garden;Tirupur;Tamil Nadu
India;Laguna Clothing (Kalegowdadoddi);143/2,Kalegowdanadoddi,Seegekote, Satnur Road, Kanakapura Taluk;Bangalore;Karnataka 
India;Maya Exports ;Unit B 4/5 D-212, Sector 63;Noida;Uttar Pradesh
India;MIG International;A-18, Sector 4;Delhi;NCR
India;MKH Export ;882,  Udyog  Vihar,  Phase  V;Gurgaon;Haryana
India;Panache;327/304, Darul Hasnat, Ehsan Enclave;Jajmau;Uttar Pradesh
India;Paramount Products Noida;B-35, Hoisery Complex, Nodia Phase II, Gautham Budh Nagar;Noida;Uttar Pradesh
India;Paramount Products Okhla;A-57/1, Okhla Industrial Area, Phase II;Ohkla;NCR
India;Pure Cotz Eco Lifestyles ;28, 30 & 31 GIDC Expansion Area, 52 Hectors Umbergaon;Valsad;Gujarat
India;Radnik;D-144, Sector 63;Noida;Uttar Pradesh
India;Radnik;D-175, Sector 63;Noida;Uttar Pradesh
India;Rahul Fashions;D-391, Sector 10;Noida;Uttar Pradesh
India;Rangi international;D 3/4 Okhla Industrial Area, Ph II;Delhi;NCR
India;Raymond;No. 4/2A, 2B & 5/3A & 3B, Gundapura Village, Kasaba Hobli, Gaurubidanur Taluk;Chickballapur;Karnataka 
India;Sawhney Global Creations ;B-144, Ohkla Industrial Area, Phase I;Okhla;NCR
India;Shahi Exports ;F-2, 15/1 Main Mathura Road ;Faridabad;Haryana
India;Silver Spark Apparel ;Sr.56, Majara Hosahalli, Behind KIADB, Industrial Estate, Veerapura Post, Doddaballapur;Bangalore;Karnataka 
India;Ventura Garments;1/455, Ram Reddy Thottam, Periyandipalayam, Mangalam Road;Tirupur;Tamil Nadu
India;Venudbhai Enterprise;Plot No. 126, Udyog Vihar, Phase IV;Gurgaon;Haryana
India;Vinty Impex;A-57, Okhla Industrial Area, Phase I;Delhi;NCR
Italy;Bombana Livio;Via Monaci Olivetani, N. 4 46040 Guidizzolo (MN) ;Montova;Lombaria
Italy;Calzificio Ilary;Via Don Zanetti 12/14, 25010 Visano BS;Lombardia;Visano
Italy;Calzificio Primato;Strada Acquafredda 24-46042 Castel Goffredo;Lombardia;Castel Goffredo
Italy;Calzificio San Giacomo SNC di Bertesso Giuseppa;Via Trento 6, 25022 Borgo San Giacomo, Brescia;Lombardia;Borgo San Giacomo
Italy;Cintirifico GP & Max;Viale Impero Area Ex Sevel Consorzio il Sole, Pomigliano d Arco;Pomigliano d'Arco;Pomigliano d'Arco
Italy;Gizeta Calze Srl;Via Franca 7/9, Castel Gofreddo, Lombardia, Montova;Montova;Lobardia
Italy;Marygold SRL;Via Circ. Cavallara 8/a, Solferino;Mantova;Solferino
Italy;Nuova Tintoria Romani;Remedello, BS;Remedello;Remedello
Italy;Pantytex Spa;Via Damiano Chiesa 92/98, 20026 Novate Milanese (MN);Italy;MilanoItaly;Viola Calzificio SPA;Via Castel Goffredo, 18 25010 Aquafredda;Acquafredda;Acquafredda
Korea;C&Tech Corporation;"34 Sandan-ro, Pyeongtaek-si, Gyeonggi-do;Gyeonggi-do
Korea;Dae Yang;625 Idonggyo-3RI, Sohol-Eup Pocheon-Si Gyeonggi-Do;Gyeonggi-Do;Pocheon-si
Korea;Daeshin Textile;3781,Seognam-dong,Jungwon-gu, Seognam-si, Gyeonggi-do;Gyeonggi-Do;Seongnam-dong
Korea;DongSeo Textile;142-20 Mok Dong Gwangjusi;Gyeonggi-Do;Gwangju-si
Korea;Hwajin & Co;128-3 Maecheon-dong, Buk-ku, Taegu ;Taegu;Buk-ku
Korea;J-Fashion Corporation;304-, Ma-dong, Iksan-si, Jeollabuk-do;Jeollabuk-do;Iksan 
Korea;Socks Codi;274-3 Dae Ssangnyeong-Ri,Chowol-Eup,Gwangju-Si;Gyeonggi-Do;Gwangju-si
Korea;YuJune Textile;362-56,Cheonho-dong, Gangdong-gu;Seoul;Gangdong-gu
Latvia;Solutions;5 Varnu Street, Riga;Riga;Riga
Norway;Arena AS Søgne;Linnegrøvan 34, 4640, Søgne;Søgne;Søgne
Norway;Janusfabrikken;Stephansens Veg 35, 5267 Espeland;Bergen;Bergen
Pakistan;Crescent Bahuman ;Lahore-Sargodha Road, Bahuman, 52181;Lahore;Punjab
Pakistan;Sughran Impex Sialkot;Kacha Shahabpura Road, Small Industrial Estate, 51310;Sialkot;Punjab
Pakistan;VIP Wear;Saidpur Gondal Road, 51310;Salikot;Punjab
Portugal;Calçado Pedreira;Sorte Pedreira, 4650-280 Felgueiras;Porto;Porto
Portugal;Cramil Confeccoes SA;Apartado 135, Aldeira de Johanes, 6234-909, Fundao;Fundao;Fundao
Portugal;Maximo Internacional;Lugar Da Longra, Felgueiras, 4650-328 Rande;Porto;Porto
Romania;Tricostar SRL;Str. Vamii, No. 47, Oradea, Judetul Bihor;Judetul Bihor;Judetul Bihor
Serbia;Italtex Intimo D.O.O.;Privrendo Drustvo Novobecejski Put B.B 23273 Novo;Vojvodina;Vojvodina
Serbia;Jeanci Serbia D.o.o;Tekstilna 57;Lescovac;Jablanica
Sri Lanka;Eskimo Fashion Knitwear Lanka;44/16, Baseline Road, Kadirana North;Negombo;Negombo Division
Thailand;Goldmine Garment;1999,1999/1-2,Moo 7,Sukhmvit 107 Rd,Umpure Muang,Samutprakan 10270 ;Samutprakan;Bangkok
Turkey;AFR Tekstil San. Dis Tic. Ltd. Sti.;Saadetdere Mh. Dogan Araslı Cd. No.2 Kat.1/A Esenyurt;Istanbul;Marmara
Turkey;Akademi Tekstil San. Tic. Ltd. Sti.;Ikitelli Org. San. Bolg. Turgut Ozal Cd. No.109 Ikitelli;Istanbul;Marmara
Turkey;Akat Kozmetik San. Ve Tic. AS;Akçaburgaz Mah. 40. Sokak No:9 Esenyurt;Istanbul;Marmara
Turkey;Akay Utu Paket Tekstil San. Tic. Ltd. Sti.;Cinar Mah 13. Sok. No:4/6 Bagcilar;Istanbul;Marmara
Turkey;Akdogu Tekstil - Mehmet Kalsın;Istiklal Cd. No.1/1 K.4 Basaksehir;Istanbul;Marmara
Turkey;Aknur Tekstil – Mehmet Sait Isık;Merkez Mh. 3. Sk. No.35/1 Bagcılar;Istanbul;Marmara
Turkey;Asgi Tekstil San. Dıs Tic. Ltd. Sti.;Ishaklı Mh. Tohtamıs Sk. No.43 Bafra;Samsun;Karadeniz
Turkey;Asilhan Tekstil Konf. San. Tic. Ltd. Sti.;Halkalı Merkez Mh. Zeynebbiye Cd. Kahraman Sk. No.38 K.3 Kucukcekmece;Istanbul;Marmara
Turkey;Atlas Corap Sanayi Ticaret Ltd. Sti.;Pirinçciler Bakırcılar  San.Sit. Manolya Cad. No:12 Beylikdüzü;Istanbul;Marmara
Turkey;Aydemir Tekstil - Bora Ates;Fatih Mh. Ilhan Sk. No.17 Kat.4 Bagcilar;Istanbul;Marmara
Turkey;Barco Tekstil Gida Tur. ve Ins. San. Tic. Ltd. Sti. ;Turgut Reis Mh. Fatih Cd. No.301 Sultanbeyli;Istanbul;Marmara
Turkey;Baykanlar Tekstil Sanayi Tic. Ltd. Sti.;Pirincciler Bakırcılar San. Sitesi Mustafa Kurtoglu Cd. No.21 Beylikduzu ;Istanbul;Marmara
Turkey;Baykanlar Tekstil Sanayi Tic. Ltd. Sti.;2. Org. San. Bolg. 9.Cd. No.16 Merkez;Malatya;Dogu AnadoluTurkey;Bermaz Tekstil San. Tic. Ltd. Sti.;Ikitelli Ataturk Mh. Inonu Cd. Menekse Sk. No.34/2 Kucukcekmece;Istanbul;Marmara
Turkey;Biyen Tekstil San. ve Tic. Ltd. Sti.;Merkez Mh. 21-A Sk. No.12/4 Bagcılar;Istanbul;Marmara
Turkey;Burcsan Tekstil San. Tic. Ltd. Sti.;Yeni Mh. Cebeci Cd. No.117/4 Gaziosmanpaşa;Istanbul;Marmara
Turkey;Cagdas Tekstil - Abbas Karakus;Merkez Mh. Birlik Cd. 1177.Sk. No.6/3 Esenyurt;Istanbul;Marmara
Turkey;Caglarteks Tekstil San. Tic. Ltd. Sti.;Mahmutbey Mh. Halkalı Cd. No. 124/1 Bagcılar;Istanbul;Marmara
Turkey;Canteks(Sude) - Hava Coban;Camlık Mh. Cigdem Sk. No.1 Kat.3 Cekmekoy;Istanbul;Marmara
Turkey;Cihan Tekstil - Cihan Cokbilen;Sanayi Mh. Ataturk Cad. Eyup Ishanı No.100/9 Gungoren;Istanbul;Marmara
Turkey;DGS Tekstil ve Dis Tic. Ltd. Sti.;Tekstilkent A-24 Blok No.36/37 Esenler;Istanbul;Marmara
Turkey;Dilem Tekstil Ins. San. Dıs Tic. Ltd. Sti.;Ataturk Bulvarı Ugur Mumcu Mh. Yılmazlar Is Merkezi No.44/1 Sultangazi;Istanbul;Marmara
Turkey;Durak Tekstil Sanayi Tic. Ltd. Sti.;Gunesli Mahmutbey Yolu Deve Kaldırımı Yokusu No.1 Kat.3 Bagcılar;Istanbul;Marmara
Turkey;Duyal Tekstil Gıda Tur. San. Tic. Ltd. Sti.;Ornek Mh. Erzurum Kongre Cd. No.3 K.3 Esenyurt ;Istanbul;Marmara
Turkey;Duy-Iz Tekstil San. Tic. Ltd. Sti.;Kazım Karabekir Mh. Oznur Sk. No.13/2-3-4 Gungoren;Istanbul;Marmara
Turkey;EG Tekstil Sanayi - Ekrem Dolgun ;Ataturk Mh. Yunus Cd. Aslan Sk. No.4/1 Ikitelli;Istanbul;Marmara
Turkey;Elibol Utu Paket Tekstil Urun. San. Tic. Ltd. Sti.;Yavuz Selim Mh. Birlik Cd. No.11/5 Bagcilar;Istanbul;Marmara
Turkey;Elsam Konf. Deri Ajans San. Tic. Ltd. Sti.;Merkez Mh. Sanayi Cd. No.118/2 Aydogan Ismerkezi Bahcelievler;Istanbul;Marmara
Turkey;Emir Tekstil Hay. Tar. Gıda Ur. San. Tic. Ltd. Sti.;Ankara Asfaltı 5.km Denizli;Denizli;Ege
Turkey;Emre Tekstil - Zekeriya Becit;Yenibosna Merkez Mh. Kazak Sk. No.27/3 Bahcelievler;Istanbul;Marmara
Turkey;Enes Utu Paketleme - Ali Kemal Likoglu;Ataturk Mh. Ikitelli Cd. Mercan Sk. No.15/3 Kat.3 Apaydın Pasajı Kucukcekmece;Istanbul;Marmara
Turkey;Eskisehir Corap ve Tekstil San Tic. Ltd. Sti.;Org. San. Bolg. 21.Cd. No.6;Eskisehir;Ic Anadolu
Turkey;Fadime Kara;Pirinçciler Bakırcılar  San.Sit. Manolya Cad. No:12 Beylikdüzü;Istanbul;Marmara
Turkey;FG Tekstil San. Tic. Ltd. Sti.;Fatih Mh. 194/1 Sk. No.4 Sarnıc Gaziemir;Izmir;Ege
Turkey;Fida Tekstil San. Tic. Ltd. Sti.;Gencosman Mh. Davutpasa Cd. Ciftlik Sk. No.2 Kat.2 Gungoren;Istanbul;Marmara
Turkey;Finteks Tekstil ve Hali Sanayi Ltd. Sti.;Huzur Mh. Ahmet Bayman Cd. No.18 Oto Sanayi Sisli;Istanbul;Marmara
Turkey;Finteks Tekstil ve Hali Sanayi Ltd. Sti.;Eski Etibank Sosyal Tesisleri Civa Mevkii Ladik Sarayönü;Konya;Ic Anadolu
Turkey;Furkan Triko Konf. - Serkan Pala;Sancaktepe Mh. Birlik Cd. No.24/3 Bagcılar;Istanbul;Marmara
Turkey;GNC Tekstil - Harun Yıldız;Yunus Emre Mh. N.Fazıl Cd. No.247 Arnavutkoy;Istanbul;Marmara
Turkey;Gunes Tekstil - Eyup Demir;Cınar Mh. 15. Sk. No.2  Kat.3 Bagcılar;Istanbul;Marmara
Turkey;Guven Karaca Deri Tic. ve San. Tic. Ltd. Sti.;Organize Deri Sanayi Bolgesi 1.Yol J-4 B Parsel Tuzla;Istanbul;Marmara
Turkey;Hasdag Tekstil San Tic. Ltd. Sti.;Organize San. Bol. 12.Cd. No.59;Kayseri;Ic Anadolu
Turkey;Hedef Tekstil - Bedri Cicek;G.Osman Mh. Ciftlik Sk. No.2 Gungoren ;Istanbul;Marmara
Turkey;Jeanci Konfeksiyon Tekstil Sanayi ve Ticaret A.S.;Evren Mah. Gulbahar Cd. Yesiltepe Sk. No: 7 Gunesli;Istanbul;Marmara
Turkey;Kaner Tekstil San. Ve Dıs Tic. A.S.;Firuzkoy Yolu Baglarici Cd. No.105 Avcılar ;Istanbul;Marmara
Turkey;Kaner Tekstil San. Ve Dıs Tic. A.S.;Cermik Mh. Turgut Reis Cd. Resadiye;Tokat;Karadeniz
Turkey;Kısmet Tekstil - Musa Yesilkaya;Cebeci Mh. Eski Edirne Asfaltı Oz Anadolu Is Merkezi No.748 Kat.3 Sultangazi;Istanbul;Marmara
Turkey;Kiteks Tekstil Konf. Gida Ins. Taah. San. Tic. San. ;Cumhuriyet Mh. Can Sk. No.8 Kucukcekmece;Istanbul;Marmara
Ltd. Sti.Turkey;Lin Tekstil San. Tic. A.S.;Dudullu Org. San. Bolg. 1.Cd. Ismet Tarman Is Merk. No.1/16 Y.Dudullu Umraniye;Istanbul;Marmara
Turkey;Merve Tekstil Gıda San. Tic. Ltd. Sti.;Ismetpasa Mh. Edirne Asfaltı No.3170 Sultangazi;Istanbul;Marmara
Turkey;Metkon Giyim San. Ve Tic. Ltd. Sti.;Topcular Mh. Altunizadebag Sk. Dalkıran Ishanı No.5/2 Rami Eyup;Istanbul;Marmara
Turkey;Mintay Dıs Tic. Ve Tekstil A.S.;Organize Sanayi Bolgesi 12.Cadde No:4;Corum;Karadeniz
Turkey;Modernteks Hazir Giyim Imalat ve Tic. AS;Yenibosna Merkez Mh. Kazak Sk. No.27/3 Bahcelievler;Istanbul;Marmara
Turkey;Mufi Tekstil - Zeki Eroglu;Battalgazi Mh. Bosna Bulvari Guzelbahce Sk. 1/B K.4 Sultanbeyli;Istanbul;Marmara
Turkey;Murat Corap San. Tic. A.S.;Baglar Mh. Mehmet Akif Cd. No.29 Gunesli;Istanbul;Marmara
Turkey;Nar Tekstil - Gokhan Cakir;Kavakpınar Mh. Abdi Ipekci Cd. No.195 Kat.2-3-4 Ustkaynarca Pendik;Istanbul;Marmara
Turkey;Nersoy Tekstil San. Tic. Ltd. Sti.;Organize San. Bolg. 4 No'lu Cd. 1880 Parsel Caycuma;Zonguldak;Karadeniz
Turkey;Oykan Tekstil Konf. San. Tic. Ltd. Sti.;Istanbul Deri Organize Sanayi Bolgesi P 4/4 7A Yol Tuzla;Istanbul;Marmara
Turkey;Ozhayat Tekstil San. Tic. Ltd. Sti.;Mersin Serbest Bolgesi Yalcin Alaybeyoglu Bulv. L Ada No.17 Akdeniz;Mersin;Akdeniz
Turkey;Ozmen Tekstil - Yılmaz Ozmen;Ambarlı Dolum Tesisleri Uzeri Beyazlar Is Merkezi No.1/4 Avcılar;Istanbul;Marmara
Turkey;Ozvona Tekstil - Havil Yılmaz;Dereici Mh. Ataturk Bulvarı Fiskobirlik 1/C-1/D Depoları Persembe ;Ordu;Karadeniz
Turkey;Perge Tekstil San. Tic. Ltd. Sti.;Gulbahce Mh. Alpullu Babaeski;Kirklareli;Marmara
Turkey;Sambtex Tekstil San. Tic. Ltd. Sti.;Cihangir Mh. Sehit Piyade Er Yavuz Bahar Sk. No.3 Avcılar;Istanbul;Marmara
Turkey;Sambtex Tekstil San. Tic. Ltd. Sti.;Islahiye Koyu Keresteciler Sit. 104 Ada 6.Parsel ;Duzce;Karadeniz
Turkey;Santeks Tekstil Konf. Tur. Gıda Ins. San. Tic. Ltd. ;Sultanmurat Cd. Ozdemir Sk. No.4 Sefakoy;Istanbul;Marmara
Sti.
Turkey;Sedir Moda Tekstil - Miyesser Sedir;Yeni Mh. Kalender Sk. Akkayalar İs Merkezi No.14/1 Bagcilar;Istanbul;Marmara
Turkey;Sena Tekstil - Hasan Tunc;Kaleici Mh. Ataturk San. Sit. Giris Kat Ustu No.10/1 Catalca;Istanbul;Marmara
Turkey;Servet Konfeksiyon - Cemil Cicek;Veliefendi Mh. G/2 Sk. No.9/1-A Zeytinburnu;Istanbul;Marmara
Turkey;Sinan Moda - Murat Bastan;Kemalpasa Mh. N.Kemal Cd. No.133/2 Bagcılar;Istanbul;Marmara
Turkey;SML Tekstil San. Ve Dıs Tic. Ltd. Sti.;Merkez Mh. Kehribarcı Sk. No.22 Gaziosmanpasa;Istanbul;Marmara
Turkey;Teksture Corap San. Ve Tic. A.S.;Cevizlibag Mh. Yılanlı Ayazma Sk. No.20 Topkapı Cevizlibag;Istanbul;Marmara
Turkey;Tempo Tekstil - Aynur Yeksan ;Cumhuriyet Mh. Leylek Cd. Karadut Sk. No.34 Kucukcekmece;Istanbul;Marmara
Turkey;Tepas Tekstil Pazarlama ve Sanayi A.S.;A.O.S.B. M.Kemal Ataturk Bulvarı No.78/78A Cigli;Izmir;Ege
Turkey;Tunc Moda - Osman Seymen;Fatih Mh. Fatih Cd. No.24 Kat.2-3 Esenler;Istanbul;Marmara
Turkey;Tuter Corap Tekstil San. Tic. Ltd. Sti.;Ambarlı Dolum Tesisleri Yolu Ugur Hancı Sk.No.7 Avcılar;Istanbul;Marmara
Turkey;Tyh Uluslar arası Tekstil Pazarlama San. Tic. A.S.;6171 Sk. No.8 Karacaoglan Mh. Isıkkent ;Izmir;Ege
Turkey;Ugur Tekstil San. Tic. Ltd. Sti.;Tarsus Organize San. Bolg. 13 Cadde No.1 Huzurkent;Mersin;Akdeniz
Turkey;Venus Giyim San. Tic. A.S.;Birinci OSB 243 Ada 2.Parsel Beykoy ;Duzce;Karadeniz
Turkey;Viva Tekstil - Leyla Yaprak;Mahmutbey Mh. Halkalı Cd. No.122/A Kat.4 Bagcılar;Istanbul;Marmara
Turkey;Yelkenci Tekstil San. Tic. Ltd. Sti.;Selimpasa Merkez Mh. 5001 Sk. No.6 Silivri;Istanbul;Marmara
Turkey;Yeni Tekstil Mensucat Fabrikası A.S.;Muratpasa Mh. Demirhisar Cd. Baltas Kilimci San. Sit. 2.Blok No.1/3 Bayrampasa;Istanbul;Marmara
Turkey;Yesim Tekstil - Hulya Karacoban;Osmangazi Mh. Alsancak Cd. Sancak Sk. No.3/3 Sancaktepe;Istanbul;Marmara
Turkey;Zeyteks Tekstil Gıda San. Ve Dıs Tic Ltd Sti;Yenibosna Merkez Mh. Yalcın Kores Cd Ali Duran Sk No.3 Bahcelievler;Istanbul;MarmaraTurkey;Zeyteks Tekstil Gıda San. Ve Dıs Tic Ltd Sti;Kırık koy Luleburgaz;Kırklareli;Marmara
UK;Sanders & Sanders Ltd;Spencer Road, Rushden, Northamptonshire NN10 6AE;Rushden;Northamptonshire
Ukraine;Joha Ukraine;Novoyavorivsk, Mazepy str. 8, Lviv;Lviv;Lviv
Vietnam;Chanh Ich Co. Ltd.;Long Diem Village, Long Binh Tan Ward;Bien Hoa;Bien Hoa
Vietnam;Fleming International Vietnam Ltd.;Lot 103/2, Fcatory No 16, Amata Industrial Park, Long Binh Ward;Dong Nai;Bien Hoa
Vietnam;Hoa Tho Textile Garments Co. Da Nang;36 Ong Ich Duong Street, Hoatho Dong Ward - Camle District;Danang;Danang
Vietnam;Pro-Sports Giao Thuy Jsc;4A-Ngo Dong Town, Giao Thuy District;Nam Dinh;Nam Dinh
Vietnam;Saigon Knitwear;No. 6B, 2A Street, Vietnam Singapore Industrial Park, Thuan An District, Binh Duong;Binh Duong;Tuan An
Vietnam ;Viet Thang Garment Joint Stock Company;127 Le van Chi street, Linh Trung Ward,Thu Duc District;Ho Chi Minh;Ho Chi Minh
Vietnam ;Viettien;No 7 Le Minh Xuan Street,Ward 7, Tan Binh District;Ho Chi Minh;Ho Chi Minh